Workbook

Sheet Summary Dashboard
A1: Topic | B1: Total Problems Added | C1: Completed | D1: Progress (%)
A2: Arrays | B2: =COUNTA('Arrays'!B2:B100) | C2: =COUNTIFS('Arrays'!D2:D100, "Completed", 'Arrays'!B2:B100, "<>") | D2: =IF(B2=0, 0, C2/B2)
A3: Backtracking | B3: =COUNTA('Backtracking'!B2:B100) | C3: =COUNTIFS('Backtracking'!D2:D100, "Completed", 'Backtracking'!B2:B100, "<>") | D3: =IF(B3=0, 0, C3/B3)
A4: Bit_Magic | B4: =COUNTA('Bit_Magic'!B2:B100) | C4: =COUNTIFS('Bit_Magic'!D2:D100, "Completed", 'Bit_Magic'!B2:B100, "<>") | D4: =IF(B4=0, 0, C4/B4)
A5: DP | B5: =COUNTA('DP'!B2:B100) | C5: =COUNTIFS('DP'!D2:D100, "Completed", 'DP'!B2:B100, "<>") | D5: =IF(B5=0, 0, C5/B5)
A6: Design | B6: =COUNTA('Design'!B2:B100) | C6: =COUNTIFS('Design'!D2:D100, "Completed", 'Design'!B2:B100, "<>") | D6: =IF(B6=0, 0, C6/B6)
A7: Graph | B7: =COUNTA('Graph'!B2:B100) | C7: =COUNTIFS('Graph'!D2:D100, "Completed", 'Graph'!B2:B100, "<>") | D7: =IF(B7=0, 0, C7/B7)
A8: Greedy | B8: =COUNTA('Greedy'!B2:B100) | C8: =COUNTIFS('Greedy'!D2:D100, "Completed", 'Greedy'!B2:B100, "<>") | D8: =IF(B8=0, 0, C8/B8)
A9: HashMap | B9: =COUNTA('HashMap'!B2:B100) | C9: =COUNTIFS('HashMap'!D2:D100, "Completed", 'HashMap'!B2:B100, "<>") | D9: =IF(B9=0, 0, C9/B9)
A10: HashSet | B10: =COUNTA('HashSet'!B2:B100) | C10: =COUNTIFS('HashSet'!D2:D100, "Completed", 'HashSet'!B2:B100, "<>") | D10: =IF(B10=0, 0, C10/B10)
A11: Heap | B11: =COUNTA('Heap'!B2:B100) | C11: =COUNTIFS('Heap'!D2:D100, "Completed", 'Heap'!B2:B100, "<>") | D11: =IF(B11=0, 0, C11/B11)
A12: Line Sweep Technique | B12: =COUNTA('Line Sweep Technique'!B2:B100) | C12: =COUNTIFS('Line Sweep Technique'!D2:D100, "Completed", 'Line Sweep Technique'!B2:B100, "<>") | D12: =IF(B12=0, 0, C12/B12)
A13: Linked List | B13: =COUNTA('Linked List'!B2:B100) | C13: =COUNTIFS('Linked List'!D2:D100, "Completed", 'Linked List'!B2:B100, "<>") | D13: =IF(B13=0, 0, C13/B13)
A14: Mathematical | B14: =COUNTA('Mathematical'!B2:B100) | C14: =COUNTIFS('Mathematical'!D2:D100, "Completed", 'Mathematical'!B2:B100, "<>") | D14: =IF(B14=0, 0, C14/B14)
A15: Queue | B15: =COUNTA('Queue'!B2:B100) | C15: =COUNTIFS('Queue'!D2:D100, "Completed", 'Queue'!B2:B100, "<>") | D15: =IF(B15=0, 0, C15/B15)
A16: Recursion | B16: =COUNTA('Recursion'!B2:B100) | C16: =COUNTIFS('Recursion'!D2:D100, "Completed", 'Recursion'!B2:B100, "<>") | D16: =IF(B16=0, 0, C16/B16)
A17: Segment Tree | B17: =COUNTA('Segment Tree'!B2:B100) | C17: =COUNTIFS('Segment Tree'!D2:D100, "Completed", 'Segment Tree'!B2:B100, "<>") | D17: =IF(B17=0, 0, C17/B17)
A18: Sliding Window | B18: =COUNTA('Sliding Window'!B2:B100) | C18: =COUNTIFS('Sliding Window'!D2:D100, "Completed", 'Sliding Window'!B2:B100, "<>") | D18: =IF(B18=0, 0, C18/B18)
A19: Stack | B19: =COUNTA('Stack'!B2:B100) | C19: =COUNTIFS('Stack'!D2:D100, "Completed", 'Stack'!B2:B100, "<>") | D19: =IF(B19=0, 0, C19/B19)
A20: Tree | B20: =COUNTA('Tree'!B2:B100) | C20: =COUNTIFS('Tree'!D2:D100, "Completed", 'Tree'!B2:B100, "<>") | D20: =IF(B20=0, 0, C20/B20)
A21: Trie | B21: =COUNTA('Trie'!B2:B100) | C21: =COUNTIFS('Trie'!D2:D100, "Completed", 'Trie'!B2:B100, "<>") | D21: =IF(B21=0, 0, C21/B21)
A22: Strings | B22: =COUNTA('Strings'!B2:B100) | C22: =COUNTIFS('Strings'!D2:D100, "Completed", 'Strings'!B2:B100, "<>") | D22: =IF(B22=0, 0, C22/B22)

Sheet Arrays
A1: ID | B1: Problem Name | C1: Difficulty | D1: Status | E1: Notes / Solution Link
D2: Not Started
D3: Not Started
D4: Not Started
D5: Not Started
D6: Not Started
D7: Not Started
D8: Not Started
D9: Not Started
D10: Not Started
D11: Not Started
D12: Not Started
D13: Not Started
... D21: Not Started

Sheet Backtracking
A1: ID | B1: Problem Name | C1: Difficulty | D1: Status | E1: Notes / Solution Link
D2: Not Started
D3: Not Started
D4: Not Started
D5: Not Started
D6: Not Started
D7: Not Started
D8: Not Started
D9: Not Started
D10: Not Started
D11: Not Started
D12: Not Started
D13: Not Started
... D21: Not Started

Sheet Bit_Magic
A1: ID | B1: Problem Name | C1: Difficulty | D1: Status | E1: Notes / Solution Link
D2: Not Started
D3: Not Started
D4: Not Started
D5: Not Started
D6: Not Started
D7: Not Started
D8: Not Started
D9: Not Started
D10: Not Started
D11: Not Started
D12: Not Started
D13: Not Started
... D21: Not Started

Sheet DP
A1: ID | B1: Problem Name | C1: Difficulty | D1: Status | E1: Notes / Solution Link
D2: Not Started
D3: Not Started
D4: Not Started
D5: Not Started
D6: Not Started
D7: Not Started
D8: Not Started
D9: Not Started
D10: Not Started
D11: Not Started
D12: Not Started
D13: Not Started
... D21: Not Started

Sheet Design
A1: ID | B1: Problem Name | C1: Difficulty | D1: Status | E1: Notes / Solution Link
D2: Not Started
D3: Not Started
D4: Not Started
D5: Not Started
D6: Not Started
D7: Not Started
D8: Not Started
D9: Not Started
D10: Not Started
D11: Not Started
D12: Not Started
D13: Not Started
... D21: Not Started

Sheet Graph
A1: ID | B1: Problem Name | C1: Difficulty | D1: Status | E1: Notes / Solution Link
D2: Not Started
D3: Not Started
D4: Not Started
D5: Not Started
D6: Not Started
D7: Not Started
D8: Not Started
D9: Not Started
D10: Not Started
D11: Not Started
D12: Not Started
D13: Not Started
... D21: Not Started

Sheet Greedy
A1: ID | B1: Problem Name | C1: Difficulty | D1: Status | E1: Notes / Solution Link
D2: Not Started
D3: Not Started
D4: Not Started
D5: Not Started
D6: Not Started
D7: Not Started
D8: Not Started
D9: Not Started
D10: Not Started
D11: Not Started
D12: Not Started
D13: Not Started
... D21: Not Started

Sheet HashMap
A1: ID | B1: Problem Name | C1: Difficulty | D1: Status | E1: Notes / Solution Link
D2: Not Started
D3: Not Started
D4: Not Started
D5: Not Started
D6: Not Started
D7: Not Started
D8: Not Started
D9: Not Started
D10: Not Started
D11: Not Started
D12: Not Started
D13: Not Started
... D21: Not Started

Sheet HashSet
A1: ID | B1: Problem Name | C1: Difficulty | D1: Status | E1: Notes / Solution Link
D2: Not Started
D3: Not Started
D4: Not Started
D5: Not Started
D6: Not Started
D7: Not Started
D8: Not Started
D9: Not Started
D10: Not Started
D11: Not Started
D12: Not Started
D13: Not Started
... D21: Not Started

Sheet Heap
A1: ID | B1: Problem Name | C1: Difficulty | D1: Status | E1: Notes / Solution Link
D2: Not Started
D3: Not Started
D4: Not Started
D5: Not Started
D6: Not Started
D7: Not Started
D8: Not Started
D9: Not Started
D10: Not Started
D11: Not Started
D12: Not Started
D13: Not Started
... D21: Not Started

Sheet Line Sweep Technique
A1: ID | B1: Problem Name | C1: Difficulty | D1: Status | E1: Notes / Solution Link
D2: Not Started
D3: Not Started
D4: Not Started
D5: Not Started
D6: Not Started
D7: Not Started
D8: Not Started
D9: Not Started
D10: Not Started
D11: Not Started
D12: Not Started
D13: Not Started
... D21: Not Started

Sheet Linked List
A1: ID | B1: Problem Name | C1: Difficulty | D1: Status | E1: Notes / Solution Link
D2: Not Started
D3: Not Started
D4: Not Started
D5: Not Started
D6: Not Started
D7: Not Started
D8: Not Started
D9: Not Started
D10: Not Started
D11: Not Started
D12: Not Started
D13: Not Started
... D21: Not Started

Sheet Mathematical
A1: ID | B1: Problem Name | C1: Difficulty | D1: Status | E1: Notes / Solution Link
D2: Not Started
D3: Not Started
D4: Not Started
D5: Not Started
D6: Not Started
D7: Not Started
D8: Not Started
D9: Not Started
D10: Not Started
D11: Not Started
D12: Not Started
D13: Not Started
... D21: Not Started

Sheet Queue
A1: ID | B1: Problem Name | C1: Difficulty | D1: Status | E1: Notes / Solution Link
D2: Not Started
D3: Not Started
D4: Not Started
D5: Not Started
D6: Not Started
D7: Not Started
D8: Not Started
D9: Not Started
D10: Not Started
D11: Not Started
D12: Not Started
D13: Not Started
... D21: Not Started

Sheet Recursion
A1: ID | B1: Problem Name | C1: Difficulty | D1: Status | E1: Notes / Solution Link
D2: Not Started
D3: Not Started
D4: Not Started
D5: Not Started
D6: Not Started
D7: Not Started
D8: Not Started
D9: Not Started
D10: Not Started
D11: Not Started
D12: Not Started
D13: Not Started
... D21: Not Started

Sheet Segment Tree
A1: ID | B1: Problem Name | C1: Difficulty | D1: Status | E1: Notes / Solution Link
D2: Not Started
D3: Not Started
D4: Not Started
D5: Not Started
D6: Not Started
D7: Not Started
D8: Not Started
D9: Not Started
D10: Not Started
D11: Not Started
D12: Not Started
D13: Not Started
... D21: Not Started

Sheet Sliding Window
A1: ID | B1: Problem Name | C1: Difficulty | D1: Status | E1: Notes / Solution Link
D2: Not Started
D3: Not Started
D4: Not Started
D5: Not Started
D6: Not Started
D7: Not Started
D8: Not Started
D9: Not Started
D10: Not Started
D11: Not Started
D12: Not Started
D13: Not Started
... D21: Not Started

Sheet Stack
A1: ID | B1: Problem Name | C1: Difficulty | D1: Status | E1: Notes / Solution Link
D2: Not Started
D3: Not Started
D4: Not Started
D5: Not Started
D6: Not Started
D7: Not Started
D8: Not Started
D9: Not Started
D10: Not Started
D11: Not Started
D12: Not Started
D13: Not Started
... D21: Not Started

Sheet Tree
A1: ID | B1: Problem Name | C1: Difficulty | D1: Status | E1: Notes / Solution Link
D2: Not Started
D3: Not Started
D4: Not Started
D5: Not Started
D6: Not Started
D7: Not Started
D8: Not Started
D9: Not Started
D10: Not Started
D11: Not Started
D12: Not Started
D13: Not Started
... D21: Not Started

Sheet Trie
A1: ID | B1: Problem Name | C1: Difficulty | D1: Status | E1: Notes / Solution Link
D2: Not Started
D3: Not Started
D4: Not Started
D5: Not Started
D6: Not Started
D7: Not Started
D8: Not Started
D9: Not Started
D10: Not Started
D11: Not Started
D12: Not Started
D13: Not Started
... D21: Not Started

Sheet Strings
A1: ID | B1: Problem Name | C1: Difficulty | D1: Status | E1: Notes / Solution Link
D2: Not Started
D3: Not Started
D4: Not Started
D5: Not Started
D6: Not Started
D7: Not Started
D8: Not Started
D9: Not Started
D10: Not Started
D11: Not Started
D12: Not Started
D13: Not Started
... D21: Not Started
